{
  "timestamp": "2025-12-08T23:36:16.449075",
  "model_path": "models/civic_classifier.keras",
  "dataset_path": "D:\\civiclens-frontend\\Dataset",
  "total_samples": 2570,
  "overall_metrics": {
    "accuracy": 0.9599221789883269,
    "precision": 0.9603659099878401,
    "recall": 0.9599221789883269,
    "f1_score": 0.9595882584669956
  },
  "per_class_metrics": {
    "Garbage": {
      "precision": 0.9238845144356955,
      "recall": 0.9832402234636871,
      "f1_score": 0.952638700947226,
      "support": 358
    },
    "Invalid_data": {
      "precision": 0.9783449342614076,
      "recall": 0.985202492211838,
      "f1_score": 0.9817617384555685,
      "support": 1284
    },
    "Potholes": {
      "precision": 0.9340659340659341,
      "recall": 0.9593679458239278,
      "f1_score": 0.9465478841870824,
      "support": 443
    },
    "water logging": {
      "precision": 0.963718820861678,
      "recall": 0.8762886597938144,
      "f1_score": 0.91792656587473,
      "support": 485
    }
  },
  "confusion_matrix": [
    [
      352,
      1,
      5,
      0
    ],
    [
      3,
      1265,
      3,
      13
    ],
    [
      5,
      10,
      425,
      3
    ],
    [
      21,
      17,
      22,
      425
    ]
  ]
}